FULL_NAME,EMAIL_ID
Francisco Moses,timothy60@gmail.com
Kimberly Jennings,mitchellstephanie@yahoo.com
Elizabeth Garcia,adam80@hotmail.com
Kelly Santiago,matthewsmith@hotmail.com
Amanda Smith,martinryan@gmail.com
Taylor Wood,wrightcaitlin@yahoo.com
Amanda Moore,amanda61@campbell.com
Holly Williams,rking@george.com
Jeff Kim,woodvalerie@yahoo.com
Shawn Taylor,johnmcdonald@yahoo.com
Amanda Richardson,ntate@hotmail.com
James Thomas,sarah26@yahoo.com
Michelle Moore,owilliams@yahoo.com
Robert James,justinhernandez@yahoo.com
Margaret Baird,uwelch@hotmail.com
Kathryn Reid,codynelson@richardson-white.com
Julia Alvarez,mcampbell@gmail.com
Martin Austin,melissamurphy@taylor.com
David Cross,nicholas12@thompson.info
Tiffany Case,wisejessica@brown.biz
Robert Gonzalez,gonzalesdorothy@gmail.com
William Garcia,tony95@hotmail.com
Anthony Moore,ukaiser@watkins.org
Jennifer Bell,irush@villanueva.net
Anthony Jackson,victor73@gmail.com
Robert Bell,anthonyrice@gmail.com
Jennifer Lowe,zdyer@nelson-castro.com
William Harris,blong@hotmail.com
Darlene Collins,garmstrong@yahoo.com
Jasmine Perez,howardryan@holland.com
Keith Porter,pauldiana@sanchez-taylor.org
Matthew Roberson,craig54@norris.com
Susan Cochran,bradley50@gomez-sanchez.info
Taylor Yates,kellison@yahoo.com
Michael Riley,laurie81@hotmail.com
Alicia Reeves,erinrobinson@wilson.org
Heather Wright,wrobbins@kelley-delgado.com
Zachary Wolf,swatts@barker.com
Melissa Reyes,pklein@hotmail.com
Robert Mitchell,vflowers@yahoo.com
Brian Howard,sparksveronica@kramer.com
Angela Johnson,shieldsgregory@yahoo.com
Kristina Coleman,murphyjoshua@smith.com
Karen Valentine,robert95@gmail.com
Craig Gill,dcole@smith.biz
Suzanne Davis,sbuchanan@kirk-garcia.com
Cindy Mclaughlin,johnsonanthony@rowe.net
Gregory Jacobs,stevensjoshua@gmail.com
Jonathan King,michaeljohn@tanner.com
Tanya Garcia,rfox@love.com
Margaret Brown,emily19@hays-mitchell.com
Laura Campbell,adam00@bowman.com
Katherine Murphy,bmccoy@holt.org
Michael Tucker,randallmorris@hughes.com
Denise Ray,markclay@yahoo.com
Amy Henry,qbaker@martinez.com
Margaret Smith,danhunter@pacheco.com
Caitlin Gaines,mark29@white.com
Jennifer Liu,brownchristopher@gmail.com
Kim Cummings,sierramalone@gmail.com
Chloe Wilkerson,andrewlopez@thomas.com
Katie Zimmerman,ypope@wong.biz
Ronnie Ortiz,joshua39@gmail.com
Andrew Paul,pettyerin@bentley.com
April Thomas,rachelhiggins@dennis.info
Crystal Bowen,wigginsderek@gmail.com
Christopher James,nicole63@rollins-mills.info
Gail Cruz,christopher61@gmail.com
Jill Ingram,ian95@hotmail.com
Stephen Hamilton,rebekah92@moon.com
Rachel Perry,haley14@peters-moore.com
Scott Johnson,trussell@small.com
Rachel Woodard,mannmichael@hotmail.com
Michael Fox,keith37@yahoo.com
Dominique Montoya,toddortega@beard.com
Margaret Jones,mharris@yahoo.com
Mercedes Bradshaw,kelly12@nelson.net
Patricia Edwards,leonardharvey@stuart.com
Jamie Harrison,nwhite@black.com
William Garza,brookstiffany@howard.com
Brett White,daniellemccarthy@yahoo.com
Aaron Downs,ronaldsmith@zuniga.com
Tyler Faulkner,colonrichard@wagner-murphy.net
Francisco Melton,jamesanthony@griffith.info
Andrew Barrett,jcoleman@gmail.com
Courtney Crawford,qmiller@gmail.com
Alexandra Sanchez,joshuawright@chambers.com
Matthew Rogers,jamiekirk@moran.net
Breanna Green,markwilliams@barker-gardner.biz
Robert Carter,lori69@robinson-cruz.com
Brandy Anderson,michaelshah@butler.com
Donna Hill,jasmine19@burton.com
Natalie Garcia,yleon@molina.org
Sara Simmons,jillreeves@carter.org
Stephen Johnson,valenzuelamegan@hotmail.com
Heidi Lopez,shortkevin@stewart-miller.com
Katherine Levy,xstewart@hotmail.com
Richard Cox,munozkeith@hotmail.com
Jerry Sweeney,alyssa88@henderson.com
Matthew Rogers,tmartin@raymond.com
Linda Parker,jenniferwood@gmail.com
Nicholas Ruiz,vwilson@schmidt-rodriguez.com
Robin Pierce,morgancourtney@jackson.com
Cathy Brown,isaac46@gmail.com
Jessica Contreras,rhodesrobert@burns.com
Brian Dixon,kennethtorres@hotmail.com
James Luna,kelseyjones@gmail.com
Willie Garcia,michael12@kent.net
Natasha Benson,sgonzalez@pruitt-romero.com
Anna Barber,paul76@collins.com
Bradley Murphy,justin80@hotmail.com
Katelyn Wu,chadbrown@carr.com
Joe Pittman,loganmadison@jones.net
Joseph Vance,mosleyerica@kirby.info
Michael Mcfarland,jameskelly@yahoo.com
Lauren Taylor,erin70@livingston.com
Teresa Velasquez,monicawallace@hotmail.com
Ryan Rogers,uabbott@yahoo.com
Alisha Gutierrez,mbray@gmail.com
Kenneth Vargas,wbrown@hughes-davis.com
Abigail Matthews,awilkerson@king.com
Ashley Whitehead,kevinjones@hotmail.com
Christopher Duncan,qmorrow@crawford.com
Linda Walker,joseholmes@kirby.com
Kathy Dillon,marycollier@phillips.org
John Hart,lunavalerie@yahoo.com
Diana Chambers,robinharrison@gmail.com
April Reed,paulrodriguez@yahoo.com
Christina Davis,joanneashley@kelley-garcia.info
Susan Armstrong,brian95@harris-dunn.com
Barry Wall,marshallsarah@brown.com
Keith Medina,rogersrobert@yahoo.com
Joshua Jones,danielle07@gmail.com
Janet Velazquez,swilliams@martinez.net
Shawn Smith,trevor30@king.net
Natalie Rodriguez,chadwalker@hotmail.com
Rebecca Hubbard,angela74@gmail.com
Mary Graham,bradleydenise@yahoo.com
Daniel Warren,barbara40@hotmail.com
Jennifer Garcia,matthew98@andrews.info
Teresa Mckee,frank04@long.info
John Wheeler,jordanrobert@ward-henderson.org
Tyler Marks,ukelly@hotmail.com
Krista Robles,derek09@nolan-price.info
Joseph Gaines,brian76@hotmail.com
Lacey Bowen,kristinthornton@yahoo.com
Patrick Reynolds,michelle95@hotmail.com
Andrea Long,lmoore@harper.com
Austin Gonzalez,pscott@clark.com
Michael White,dickersonjamie@wheeler-parks.info
Karen Bell,donna46@kelley.com
Ashley Harding,samuel44@peters.biz
Nicole Cook,bcross@hammond.com
Denise Avila,sharonfoster@dominguez.biz
Sandra Vazquez,philip58@williams-carr.com
Rhonda Davis,woodsjennifer@dawson-wolf.info
Sharon Williams,alexiscastro@taylor.biz
Jerome Miller,nancymcdonald@martin.com
Connie Lee,lisa60@yahoo.com
Steve Rodriguez,clarkekim@hotmail.com
Jessica Webb,donaldhahn@snow-hunter.com
Heather Hampton,twright@yahoo.com
Carol Anderson,omendoza@adams.net
Jacqueline Williams,ksolomon@burns.com
Joel Steele,jenningskaren@gmail.com
Tanya Williams,eric66@yahoo.com
Sean Neal,jennifer46@robinson.org
Jason Smith,webbkristi@williamson.com
Michael Nichols,christopher72@yahoo.com
Stephanie Alvarado,debrawilson@hotmail.com
Andrew Garcia,alexis08@yahoo.com
Mark Smith,michellevelazquez@yahoo.com
William Holland,richardbell@shelton.com
Jessica Brewer,jorge60@obrien-washington.net
Ashley Lawrence,ufry@dominguez.com
Matthew Santiago,yujoshua@gmail.com
Laura Hernandez,halljohn@roman.net
Justin Figueroa,gomezbrandon@yahoo.com
Heather Coleman,jacobsonjulie@yahoo.com
Barbara Garcia,paula67@conner-davis.com
James Hernandez,natasha86@white.net
Lucas Reid,ohenry@bennett-moody.com
Tyrone Watson,psantiago@gmail.com
Jonathan Santos,mhoward@gmail.com
Cassandra Green,hgonzalez@marsh.com
Dale Burgess,burnsamanda@yahoo.com
Jodi Green,schroederjoel@woods-reed.biz
Marcia Burnett,lrodriguez@hotmail.com
Bridget Ho,hsullivan@flynn.com
Larry Colon,angelgregory@gmail.com
Jenna Kelly,joe39@butler.com
Dustin Sanchez,jamesvillanueva@jones.com
Megan Larson,scottjohn@hotmail.com
Cynthia Jennings,mullinstyrone@gmail.com
Richard Stewart,javier70@gmail.com
Kelly Sullivan,austinmunoz@webb-lewis.biz
Shaun Santos,erinbrown@collins.com
Andrew Dean,jrose@campbell-hoffman.org
Kaitlyn Harris,vhernandez@hotmail.com
Donald Todd,melissafields@hotmail.com
Anthony Davis,crystalblackwell@smith.net
Mary Steele,hernandezdavid@gmail.com
Caitlin Jacobs,danielleholmes@morris.com
Heather Stanton,nicole86@hotmail.com
Ashley Howell,william71@alvarado.com
Felicia Oliver,stevensmichael@spencer.com
Debra Jones,anthonyrios@hotmail.com
Joseph Moore,zwagner@ramos-lee.info
Kristin Harrell,alanharrison@brown-wong.com
Alexa Poole,johnjohnson@roberson.net
Belinda Newman,rcole@white.com
Antonio White,turnermichelle@gmail.com
Richard Williams,obarrett@smith-anderson.org
Alison Boyd,woodraymond@yahoo.com
Victoria Mcintyre,harrismichael@miller-poole.net
Melinda Dunn,thompsonrobert@hamilton-anderson.com
Lisa Cook,william11@yahoo.com
Jamie Mccarthy,christopher86@gmail.com
Kimberly Villarreal,michaeljenkins@scott.com
Sarah Waller,brownrichard@norris.com
Amy Matthews,mckeelarry@logan.biz
Steve Ross,brian35@gmail.com
Ryan Sherman,danieldennis@munoz.com
Victoria Mendoza,moralesjamie@hotmail.com
Erica Walton,dpark@gmail.com
John Gutierrez,jillianwilliams@gmail.com
Ian Schwartz,conleychristina@yahoo.com
Cynthia Rodriguez,cervantesolivia@villanueva.net
Lindsey Joseph,christinamitchell@yahoo.com
Jennifer Norris,matthewwalters@hotmail.com
Tamara Stevens,fordjames@gmail.com
Jessica Stone,renee09@mcdonald.com
Michael Lester,joseph41@yahoo.com
Ricky Carlson,christopher85@garrison.biz
Christine Nelson,michael97@hotmail.com
Wayne Atkins,aaronsmith@gmail.com
Joseph Davis,christina75@hotmail.com
Michaela Bird,ogonzalez@kaufman.net
Kurt Collins,chase97@yahoo.com
Ashley Duncan,alexandriadennis@webb.org
Melissa Wong,lisawilson@hotmail.com
Michael Horton,andrea53@garcia-hill.org
Jeremy Barajas,egonzalez@gmail.com
Jordan Hardin,gordonsharon@gibson-oneill.com
Sonia Fleming,david14@johnson.info
Thomas Rodriguez,bartonjasmin@gmail.com
Robert Burgess,herbertwood@hotmail.com
Robin Lopez,travislopez@hotmail.com
Elizabeth Gutierrez,thomasjoshua@hester-brown.com
Edward Moore,walllisa@hamilton-conrad.com
Judith Saunders,olee@barrera.net
Daniel Taylor,nicholas85@jordan-lopez.com
Karen Fuentes,randy62@gmail.com
Erika Lopez,samanthamcconnell@barber.net
Peter Wright,stewartrichard@martin.org
Cole Campbell,tonycaldwell@gmail.com
Daniel Morgan,andrewburgess@harmon.com
Kimberly Lane,kyle73@jones.com
Cassie Davis,xnavarro@johnson.com
Pamela Sanders,ischroeder@peters-massey.com
Jamie Wall,qsantiago@garcia.com
Sarah Sandoval,tevans@tucker-ruiz.net
Megan Paul,veronica73@yahoo.com
Paula Jones,ingramrhonda@reed.net
Samantha Jackson,smithpaul@hotmail.com
Michael Jackson,perezjennifer@gmail.com
William Sanchez,obradley@gmail.com
Joseph Stone,wadekevin@gmail.com
Brett Rojas,bakermadison@williams.com
Aaron Lucas,smithbrent@zavala.org
Matthew Gomez,bishopfrank@yahoo.com
Rebecca Burnett,trivers@hotmail.com
Jill Villarreal,williamsdavid@collins.com
Julie Morton,wgarner@pace.net
Alicia Coleman,amyleonard@ray.info
James Hodges,keith25@yahoo.com
Kevin Kramer,jamiereid@hotmail.com
Maurice Wood,romanmaria@sanchez.org
Thomas Bell,carrillomariah@yahoo.com
James Rodriguez,susanwilliams@hotmail.com
Kimberly Cochran,icoleman@mitchell-owen.org
Laura Fletcher,ibrooks@gmail.com
Elizabeth Campbell,lwilson@gmail.com
Donna Scott,guy93@yahoo.com
Nathan Perry,joshua24@hotmail.com
Daniel Conley,jrobinson@solomon-roth.net
Melissa Richardson,tammyarmstrong@gmail.com
Dawn Alexander,gphillips@newman.com
Jessica May,jessicaharris@hill-guerrero.info
Kenneth Miller,bobbyshepard@gmail.com
Tammy Anthony,whull@hotmail.com
Molly Foster,dsmith@yahoo.com
Anna Cooper,jeffersonkristen@yahoo.com
Kenneth Arnold,greendeborah@powell.com
Walter Sharp,daniel02@yahoo.com
Lisa Levine,johnsolis@reyes.com
David Thomas,amberwright@hurley.com
Antonio Miller,ruth83@hotmail.com
Brandon Williams,vtodd@gmail.com
Christopher Reed,nicole51@fernandez-hernandez.org
Mark Smith,walkerariel@gmail.com
Nicholas Freeman,zwest@rodriguez-simmons.com
Stephanie Harris,sharrison@lee-tapia.net
Pamela Brown,wellschristine@yahoo.com
Ryan Green,davisdavid@miller-phillips.com
Jerry Miller,emeyers@holt.net
Matthew Trevino,woodregina@weeks.info
Benjamin Nguyen,hillmichael@hotmail.com
Melissa Davis,wfleming@hotmail.com
Kevin Weaver,faithhickman@gmail.com
Steven Porter,anita57@gmail.com
Jackie Wood,nicolejacobson@yahoo.com
Colin Hull,bowens@hotmail.com
Adam Morris,jimenezkathleen@harris-barnett.net
Michelle Smith,thernandez@thomas.com
Joshua Stone,austinharper@blanchard-lewis.biz
Caleb Williams,frank68@castillo.com
Ryan Chavez,ianwilliams@mendoza-cooper.biz
Sandra Wallace,andrewperry@sanchez.com
Michael Cooper,jphillips@gmail.com
Brandi Valdez,leekeller@yahoo.com
John Wilson,rachelbarr@murphy.org
Michele Jones,james15@mora.com
Larry Stein,matthew80@barnes-carrillo.net
Danny Johnson,jeff86@yahoo.com
Amy Johnson,fmarsh@hotmail.com
Sarah Brooks,richardnatalie@schwartz-willis.com
Denise Beasley,goldenlisa@watts.info
Joyce Cortez,moniquegraham@hotmail.com
Angela Nguyen,smithtodd@nelson.com
Jeff Patterson,zparker@yahoo.com
Loretta Rivera,tracy09@gmail.com
Heather Gonzalez,gillespiecharles@yahoo.com
Linda Orr,patrick12@garcia-hoffman.com
Sean Cooper,beckerjoseph@yahoo.com
Kevin Ruiz,russellbell@torres-robinson.com
Amy Castro,bradleymayo@hotmail.com
George Cooke,richard14@hotmail.com
Matthew Abbott,taylorterry@steele.com
Cheryl Mason,margaretferrell@yahoo.com
Adam Adams,fmarshall@davila.com
Vincent Klein,alexandradyer@hotmail.com
Levi Johnson,aboyd@holland-hines.com
Stephanie Howard,sowens@hotmail.com
Ronald Torres,parkercollin@morgan.com
Scott Harris,davismary@johnson-brown.com
Jason May,denisepearson@gmail.com
Adam Wilson,donna93@thompson.biz
Donald Conley,wernerthomas@gmail.com
Dominic Estrada,toddwilliam@gmail.com
John Barber,penny99@gmail.com
Kayla Perez,zwood@johnson-allen.com
James Martinez,icervantes@fox-thompson.com
Andrew Richards,pbennett@martinez.com
Mark Hoffman,michellebailey@flores.com
Cathy Scott,benjamin00@whitaker-lambert.net
Brent Woodard,castilloshawn@gmail.com
Matthew Guzman,nsanders@moore.info
Julia Lucas,esmith@vazquez-sandoval.info
Michelle Sanchez,ojones@gmail.com
Cynthia Martin,moniqueabbott@sullivan-hernandez.biz
Scott Yates,brookehernandez@gmail.com
Adam Quinn,tracey21@thompson-king.com
Ryan Jones,thomas43@yahoo.com
Michele Colon,joshuaadams@gmail.com
Penny Williams,donaldsonpaul@hotmail.com
David Anderson,mcgeerichard@gmail.com
Jason Morales,deborahwilliams@smith.info
Vicki Hendrix,janetjohnson@cervantes-moore.com
Theresa Lopez,johnbowman@williamson.info
Lisa Ramsey,zpayne@gmail.com
Andrew Gray,nwilliams@mcneil.biz
Richard Shah,zachary88@gmail.com
Jason Vasquez,cwilliams@yahoo.com
Randy Jones,bridget35@alvarez-holland.biz
Gina Allen,xbishop@king.com
Christopher Bowen,ywhite@english.com
Timothy Brown,devin00@yahoo.com
Susan Cameron,flynnsharon@gmail.com
Ashley Miller,jennifercooper@house.com
Mark Rivas,smithjeremy@yahoo.com
Jessica Price,russellkevin@mcbride.com
Danny Arias,morrisrachel@mckinney.com
Joshua Pennington,asmith@gmail.com
Jonathan Singleton,christopher30@yahoo.com
Gilbert Hall,christensentracey@gmail.com
Ricardo Watson,colesuzanne@black-hall.com
Joseph Franklin,gerald07@hernandez.info
Mary Rodriguez,meltonjill@hotmail.com
Kevin Kaiser,lawrence10@wade-bryan.com
Todd White,brian28@yahoo.com
Monica Sanchez,timothyschneider@lee.com
Alicia Mullen,hnelson@strickland.com
Joseph Burton,bakeraudrey@gonzalez.org
Dylan Oliver,matthew81@thompson.info
Frederick Myers,ronald41@yahoo.com
Kristin Johnson,kyle74@cardenas.org
Stephanie Cox,aadams@hotmail.com
Jason Nolan,michelleespinoza@hotmail.com
Gary Nelson,evillanueva@taylor.net
Matthew Harrison,skennedy@dominguez.com
Amanda Hoffman,singhlinda@gmail.com
Adam Miller,hickmannathan@griffin.com
Mark Ortiz,meyernathaniel@espinoza.com
Matthew Weeks,kristen08@butler.com
Aaron Ayala,ericayala@glass.org
Brandon Goodman,johnbrennan@wells-henry.com
Heather Allen,adamsgerald@carter.biz
William Underwood,briancampbell@robertson.com
Mary West,nathan33@warren.com
Ryan Ward,robertsnow@haas-garza.org
Robert Hall,jweber@yahoo.com
Tina Gibson,garyjones@mathews.org
Brian Walton,wbaldwin@hotmail.com
Stacey Thomas,sherri42@hotmail.com
Cody Hale,williamsontina@lara.com
Haley Williams,bmartinez@gibson.com
Nichole Nelson,pperkins@arnold-fernandez.com
Stephanie Wright,mcdowellryan@martin.com
Chad Rhodes,mirandawang@fuller.com
Benjamin Colon,brianaarnold@kelly.biz
Margaret Lutz,emily67@yahoo.com
Rebecca Torres,smithkelsey@gmail.com
Destiny Smith,kelly58@hotmail.com
Tiffany Smith,twilkinson@hotmail.com
William Palmer,karabarker@hotmail.com
Kelly Hill,brandy48@miller.com
Matthew Anderson,fsmith@fox.biz
Allison Collins,petersondouglas@hart.com
Dakota Savage,watsonmichael@gmail.com
Janet Garcia,christian32@gmail.com
Rachel Faulkner,josethompson@miller-williams.com
Ryan Moore,joseph05@hotmail.com
Sarah Morales,pamelawalker@yahoo.com
Brent Lopez,colinperez@morris.com
Douglas Wiley,michaelawilliams@yahoo.com
Cory Velasquez,amy38@yahoo.com
Jessica Wallace,anthony53@smith.biz
Jennifer Simpson,eddie79@griffith.com
Loretta Walker,charles65@jenkins-navarro.org
Wayne Bell,lutzmichael@walker.net
Brittany Bowers,josephhowe@gmail.com
Paul Allen,jpace@yahoo.com
Kevin Johnson,justinrodriguez@campbell-livingston.com
Brandon Terrell,frangel@davis.biz
Thomas Schmidt,kaitlinkeith@price-vargas.com
Brandon Stuart,fishererin@hotmail.com
Bryan Griffin,douglas35@jones.biz
Kevin Sanchez,stricklandcynthia@lopez.com
Amy Bell,steven20@jackson.com
Lisa Hill,sherrylewis@bates.com
Jason Moore,gardnerlinda@west-mcintosh.com
Thomas Williams,amanda97@gmail.com
Curtis Hudson,brennancynthia@yahoo.com
Brandon Morris,lydialogan@hotmail.com
Nancy Alvarado,rebecca42@yahoo.com
Linda Thompson,fgallegos@gardner.biz
Tracy Carter,lbrown@hotmail.com
David Adams,xbrowning@gmail.com
Julian Velazquez,patricia65@schmidt.com
Richard White,erica41@jones-walker.com
Mary Jackson,tgarcia@yahoo.com
Kelsey Lee,lrodriguez@yahoo.com
Lee Anderson,zharris@gmail.com
Michael Luna,deborahstephens@ross-tapia.com
William Madden,christopher01@yahoo.com
Julie Anderson,cookaustin@romero-bishop.com
Maria Price,perezrachel@hotmail.com
David Decker,tony96@johnson.org
Mitchell Foster,michael78@phillips.info
Eric Phillips,hernandezwendy@murray-scott.biz
Jeremy Banks,abigailolson@lam.com
Rebecca Miller,mckenziemooney@terrell.com
Nancy Kaufman,joeanthony@brown-fleming.com
Jasmine Nguyen,shannonwilliams@sawyer.com
Rhonda Anderson,campbellgregory@tate.com
Rodney Carlson,mason56@gmail.com
Kaitlyn Russell,melindamartin@gmail.com
Joshua Lopez,thomas05@thomas.com
Brooke Carlson,jennifershannon@gray.org
Scott Gonzalez,cmeyers@cook.com
Scott Lynn,raymond75@robinson-estrada.com
David Reeves,stephanie96@hotmail.com
Robert Heath,rodriguezwilliam@yahoo.com
Daniel Scott,jillmay@yahoo.com
Colton Johnson,elliottmichael@gonzalez-hughes.com
Lisa Reyes,garykemp@smith.com
Robert Jackson,amoore@king.com
Rebecca Smith,roberto07@dickson.com
Janet Campbell,amanda50@garcia.com
Daniel Gross,cdorsey@yahoo.com
Michael Meadows,elizabeth13@gmail.com
Katie Haas,kmiranda@yahoo.com
Peter Crawford,zlopez@hotmail.com
Heather Hamilton,deborah65@cook-ward.com
Jeffrey Murphy,bauergarrett@mccarthy.info
Lauren Hernandez,ewright@yahoo.com
Maria Murray,adam59@yahoo.com
Julie Munoz,kimberly69@lawson-morton.net
Jose Sawyer,tleach@mullins.com
Jeffrey Martinez,thompsondarren@hernandez-richards.com
John Joseph,marychavez@gill.com
Barbara Davis,colemantiffany@waters-edwards.com
Mark Hodge,whitneybradshaw@gmail.com
Amy Hardy,annawashington@gmail.com
Brittany Gordon,everetteric@henderson-sparks.com
Cody Gomez,hansenbrian@williams.com
Noah Martinez,mbecker@clark-sanders.com
Linda Manning,jessicamccullough@ayers.com
Miranda Jones,iramirez@cooper.com
John Cruz,jack23@wong-warren.com
Jacob Ross,frederickmunoz@hoover.com
Kyle Gill,joshuanelson@smith.org
Tracy Rivera,fmckinney@yahoo.com
Sarah Watson,julia04@stewart-howell.com
Leon Price,leahclay@allen.biz
Michael Waller,rachel99@gmail.com
Maurice Mckenzie,joseph52@taylor-wells.net
Morgan Collins,xhanson@hotmail.com
Daniel Davenport,carlahenry@harris.com
Jennifer Cole,samuel82@hotmail.com
Teresa Ford,bross@yahoo.com
Michael Garcia,lisapatterson@yahoo.com
Vicki Jefferson,wareedward@hotmail.com
Joshua Dennis,mcgeeerica@baird.com
Alicia George,ernest26@lopez.com
Nicole Cummings,jessewilson@gmail.com
Brian Pearson,stephenmatthews@smith.com
Victor Briggs,stephanierivera@yahoo.com
Breanna Gardner,denise63@gmail.com
Ryan Gilbert,roachmarissa@mayer-henderson.biz
Maria Smith,jasonsmith@yahoo.com
Tracy Greene,hwright@gmail.com
Melanie Jenkins,hdonovan@quinn.info
Scott Pena,edwardsrandall@gmail.com
Douglas Flores,michaelmyers@hotmail.com
Thomas Taylor,mackrichard@clarke.com
Travis Watkins,tuckerjenna@yahoo.com
Paul Wilcox,jonespaul@wiley.com
Ryan Obrien,vharrison@pineda-bishop.biz
Kenneth Hill,katherine64@love.com
Kelly Page,escobartristan@smith.com
David Baxter,wbush@holmes.info
Eileen Walton,landryandrea@yahoo.com
Tiffany Foster,cynthia40@carr.com
Molly Thomas,hornmonica@gmail.com
Victor Reyes,thill@beck-martin.com
Daniel Yang,paulhendricks@shaw.com
Shannon Melendez,andreatravis@hotmail.com
Sarah Myers,wrightkrystal@bennett-duarte.com
Stephen Rios,padillalisa@gmail.com
John Hughes,jefferyherman@young.com
Sarah Tucker,ndavies@yahoo.com
Joshua Hunt,micheleroman@gmail.com
Angela Gomez,kblackwell@yahoo.com
Stephanie Stone,rwilliams@hotmail.com
William Greene,ijimenez@reyes.info
Shirley Larson,bbean@hotmail.com
Kim Duarte,rebeccamoody@hotmail.com
Isaac Pierce,donald85@gmail.com
Kyle Lang,cookpeter@yahoo.com
Jeanette Hart,rebecca22@barber.org
Zachary Cochran,barbara65@carpenter-hutchinson.org
Megan Watts,robinsonadrienne@yahoo.com
Andrea Griffin,efuller@hotmail.com
William Duran,adam31@gmail.com
Jennifer Villarreal,mpreston@yahoo.com
Juan Mccormick,davidowens@velasquez.com
Erika Rowe,smora@jackson.com
Susan Tran,robert13@yahoo.com
Angela Camacho,alisonjordan@gmail.com
April Thompson,nicholasgentry@yahoo.com
Julie Stark,sjohnson@stewart-mckinney.com
Shannon Daniels,jaylynch@yahoo.com
Evan Washington,coopermatthew@walter.org
Matthew Carson,williamsrichard@yahoo.com
Tiffany Eaton,nguyenkenneth@greene-mccarthy.org
Marco Barton,stephenashley@jones-walker.com
Anthony Alvarado,robin79@edwards.com
Steven Summers,smithmargaret@hotmail.com
Walter Greer,laurahobbs@holmes.com
Steven Ibarra,pgonzalez@james.com
Kelly Martin,lisabutler@montgomery-baker.com
Danny Hardy,ksalas@yahoo.com
Joyce Sanchez,christinewilson@hotmail.com
Austin Jones,jacobwright@hotmail.com
Brooke Hernandez,ingramkimberly@holt.info
Andrea Mcguire,schultzkimberly@yahoo.com
Meghan Lee,sethhobbs@yahoo.com
Nichole Zuniga,elizabethcollins@lambert.com
Kathryn Davidson,sancheznathaniel@love.com
Michael Chavez,andersongeorge@jensen-barrett.info
Holly Hunter,victorgilbert@yahoo.com
Tyler Poole,hoodterrence@hotmail.com
Jasmine Rodriguez,catherine27@jimenez.info
Wendy Collier,rubenjohnson@yahoo.com
James Peters,vstrong@yahoo.com
Jason Ortiz,brenda72@porter-collins.com
Destiny Reynolds,dylanwest@hotmail.com
Gloria Bautista,taylorcarolyn@gutierrez.org
Kristen Santiago,danieldoyle@gmail.com
Daniel White,douglasbrianna@hotmail.com
Nicholas Lewis,nicholasmoore@hotmail.com
Jill Davidson,justin29@fisher.biz
Meagan Porter,zanderson@gmail.com
Christopher Sherman,davidleblanc@perez.net
Tristan Wiggins,mullencrystal@johnson-james.com
Seth Anderson,mclaughlinangela@barnes-miranda.com
Joseph Mcdowell,brandy36@yahoo.com
Vicki Sutton,vlopez@gmail.com
Daniel Rodriguez,ycarey@yahoo.com
Amanda Obrien,blopez@yahoo.com
Ryan Schneider,bennettshane@reynolds-avila.info
Robert Campos,brendamoore@schultz.com
Yolanda Jones,stephensantonio@villa.com
Matthew Aguilar,elizabethgarcia@gmail.com
Amber Graham,vpace@wilson.info
Michael Tran,allisonturner@hotmail.com
Joseph Goodman,kholden@gmail.com
Margaret Cook,rachel50@gmail.com
Kimberly Nolan,cbradford@yahoo.com
Maureen Bowman,xdaniel@hotmail.com
Michelle Valenzuela,michelecole@gmail.com
Patricia Fuentes,emily63@carter.com
Edward Clark,teresapratt@rodriguez.org
Brandon Anderson,crystalcole@stark.biz
Jennifer Armstrong,heidi80@cook.com
Brenda Nolan,jennifer80@yahoo.com
David Powell,csmith@rose-dalton.org
Edward Snyder,megan22@hotmail.com
Eric Walters,michael96@gmail.com
David Lindsey,evelynsmith@lynch.net
Kristen Gomez,ugarcia@maldonado.info
Daniel Smith,ddavis@mcconnell-bullock.info
Zachary Blevins,crystaledwards@bradford.com
Andrew Robles,gsantiago@miranda-ellis.org
Wesley Allen,mcgeejo@yahoo.com
Lisa Bean,monica41@hotmail.com
Reginald Frazier,trivera@hotmail.com
Emily Wallace,rachelhenderson@holland-salazar.net
Amy Bishop,thompsonjonathan@nguyen.biz
Kimberly Lopez,mollyking@gmail.com
Jacqueline Smith,emily47@yahoo.com
Angela Schroeder,lisa33@diaz.org
Nancy Wilcox,michaelmaldonado@davis-stewart.biz
Edward Madden,myersmary@hotmail.com
Jodi Johnston,adam82@yahoo.com
Dylan Morris,smithmonica@barton.biz
Edward Kerr,melissacastillo@scott.org
Allen Cobb,jonesroy@perry-nunez.org
Kristen Palmer,zwhite@thompson.com
Patricia Vaughn,cjordan@young.com
Michael Brown,allen24@ford-morris.com
Julia Murphy,codyhall@townsend.net
Paul Haynes,mike44@hotmail.com
Christina Rice,mary34@arellano-acosta.com
Katherine Mosley,deborahgould@yahoo.com
Jeffrey Browning,walshtiffany@gmail.com
Robert Lee,chavezdonald@bush-padilla.com
Shawn Williams,wlin@brock.com
Joe Vang,amy71@smith-johnson.org
Jeffrey Roy,trogers@stewart-oconnor.com
Theresa Smith,willismary@hotmail.com
Meghan Griffin,ewashington@hotmail.com
Jerome Gordon,nhenry@berg.biz
Walter Lee,uwashington@yahoo.com
Karl Ortiz,lopezmike@gmail.com
Michael Cook,timothy39@yahoo.com
Robert Aguirre,bnelson@hotmail.com
Patricia Holder,ericfernandez@hotmail.com
Becky Hudson,thoover@atkins.com
Amy Norris,thomas32@gonzalez-jones.net
Rebecca Wu,westrada@gmail.com
Ronnie Gilbert,foxjoshua@gmail.com
Stacy Davis,fullerchristopher@gmail.com
Haley Long,clarkmatthew@murphy.com
Travis Schwartz,sullivanphilip@gmail.com
Stephen Porter,johnthompson@turner-rose.net
Susan Hernandez,jacobcollins@carter.com
Victor Davis,mriley@aguilar-campos.biz
Brian Herrera,oware@morris-campbell.net
Beth Duffy,cherylwallace@cruz.com
Crystal Gutierrez,ericajohnson@glenn.com
Richard Martinez,kaitlyngonzalez@yahoo.com
Jennifer Holloway,ybrown@hotmail.com
Alison Love,dustinglenn@barr-gordon.info
Alvin Lynch,josephmcfarland@williams.com
Kimberly Hill,tyler42@yahoo.com
William Lopez,samuelbuchanan@howard.com
Tammy Foley,fgriffin@hotmail.com
Joseph Huerta,uking@jones.com
Jeremy Gutierrez,matthewssamuel@hotmail.com
Mary Wright,pgill@hotmail.com
Donald Stewart,nicole61@gmail.com
Jared Mercado,huntchristopher@ward.com
Nathan Williams,wilkinsomar@hotmail.com
Felicia Pacheco,bondalyssa@gmail.com
Mark Perry,riverscynthia@hurley.com
Amber Anderson,lanephilip@cannon.com
Michelle James,ngonzalez@hotmail.com
Joshua Proctor,timothytorres@rodriguez.com
Amanda Norris,rachel71@hotmail.com
James Kane,harrisjacob@briggs-jones.com
Michael Reed,tammycoffey@brown.org
Thomas Walker,powerspaige@long.org
Alexis Mcbride,uperry@gmail.com
Michael Johnson,ryan07@gmail.com
Catherine Thomas,monica62@hotmail.com
Jim Peterson,jeffreymassey@gray.com
Alan Ford,griffinlindsey@chung-garcia.info
Elizabeth Gordon,danielchen@gmail.com
Paul Lyons,freemanrobert@taylor.org
Suzanne Williams,michelletrevino@gmail.com
Christine Morales,gallowaycraig@yahoo.com
Robert Munoz,davidcollins@gmail.com
Christian Patton,taylorjennifer@ayala.com
Kimberly Lopez,colin17@reed.biz
Tonya Edwards,charles40@hobbs-smith.com
Kimberly Hill,tammyward@wise.info
Victoria Fox,johnstewart@gmail.com
Kenneth Dean,michaelwilliams@welch-jordan.com
Autumn Cross,taylorevans@peters.biz
Tiffany Jackson,andreajones@hotmail.com
Laura Curtis,nathaniel41@fuller.net
Sergio Edwards,franklinadam@gmail.com
Veronica Mendoza,bairdheather@west-baird.com
Tyler Jones,ysoto@jackson.com
Jessica Cochran,nlandry@benson.info
Austin Perez,howardjamie@yahoo.com
Calvin Hunter,paullewis@macdonald-hoffman.com
Eric Reyes,zstewart@yahoo.com
Paula Sanders,calebdixon@hotmail.com
Jennifer Quinn,qwu@walters.com
Sandra Huerta,ashley85@anderson.biz
Margaret Garcia,katherinenewton@martin.com
William George,jamiediaz@hotmail.com
Christopher Brown,sellersantonio@bell-vega.net
Jessica Glover,michael37@robertson.com
Stephanie Davis,lewishannah@yahoo.com
Anthony Williams,richard87@hotmail.com
Christopher Martin,morrisrichard@gmail.com
Andrew Morgan,martinrussell@hotmail.com
Jacob Bridges,oburton@hotmail.com
Vanessa May,robbinschristopher@hotmail.com
Michele Bass,travis08@kelley.com
Donald Kane,rpeters@hotmail.com
Stephanie Harris,costajeffery@barry-conley.com
Ashley Reed,meredith04@yahoo.com
Leslie Brooks,matthewhughes@gmail.com
Rodney Smith,hayesrachel@hoffman.com
Lisa Nguyen,xburns@huang-miller.org
Karen Miller,mark11@jackson.com
Jeffrey Williams,riverajeremy@goodman.info
Alexandra Skinner,elizabeth55@barnes.biz
Douglas Brown,staceycole@brown.info
Christina Evans,campbellmarcus@williams.com
Joanne Daniels,cynthiawatts@hotmail.com
Benjamin Robinson,tylermorrison@johnson.com
Jermaine Thomas,wjones@miller.net
Leah Archer,morganlisa@harris.net
Kristie Madden,justin10@hotmail.com
Eric Bridges,xjones@gmail.com
Catherine Moore,scook@bartlett.info
Brian Davidson,kchapman@gmail.com
Jeffrey Richardson,breannahall@yahoo.com
Angela Thomas,jackson02@jones.com
Angel Rogers,murillomegan@humphrey.com
Steve Manning,cody28@hotmail.com
Justin Tate,stephanierice@martinez-walker.net
Jose Ruiz,pwilliams@gmail.com
Denise Edwards,gmartinez@yahoo.com
Kathy Gonzales,bryan15@yahoo.com
James Rogers,rickwilson@gmail.com
Katherine Mendoza,emarquez@sawyer-barry.net
Gabriel Waters,kristindurham@jones.com
Paula Rogers,malloryrodriguez@yahoo.com
Anthony Sanchez,ybaker@herrera.com
Zachary Torres,csteele@santiago.com
William Weaver,porterandrew@martinez-brooks.com
Andrea Chandler,parsonsbrad@hotmail.com
Linda May,lmcdonald@guzman.org
Michael Swanson,oelliott@gmail.com
Johnathan Moore,ablevins@clark.com
Alexander Goodman,jenniferpatterson@love.com
Denise Roberts,marksmith@stevens-simmons.com
Kenneth Hahn,christopherward@knapp-wolfe.com
Karen Smith,phillipsjoseph@dunn.com
Carol Ross,hillnicole@williams-gonzalez.net
Lisa Gonzales,ebarber@yahoo.com
Sarah Chavez,candicemorris@yahoo.com
Kevin Garza,tracy62@hotmail.com
Christopher Mueller,grahamwilliam@gmail.com
Paul Melton,charleslee@li.com
Nicole Roberts,meredithpowell@jones.com
Leah Johnson,ljohns@yahoo.com
Rebecca Nicholson,hwatson@yahoo.com
Kayla Campbell,carla52@price.com
Chad Randall,psmith@hotmail.com
Caroline Leach,williamferrell@hotmail.com
Jessica Bryant,johnsonjared@lowe-hale.com
Nathan Wilkinson,bushtracy@yahoo.com
Crystal Anderson,etaylor@gmail.com
Angela Ward,robertgould@hotmail.com
Tanner Sexton,montesjasmine@turner.com
Glen Mendez,sara54@vargas.com
Erin Stevens,jasonrussell@gonzales.org
Edward Henson,alicialeon@collier.com
Robin Rodriguez,taylorjohn@gmail.com
Kevin Miller,areese@hotmail.com
Adam Rivers,tyoung@hotmail.com
Lori Guerrero,lisa34@hotmail.com
Jessica Wong,harpermisty@hotmail.com
Oscar Phillips,taylorryan@webb.com
Justin Johnson,ledavid@hotmail.com
Breanna Williams,martinezjames@gmail.com
Tanya Beard,burtonjonathan@yahoo.com
Crystal Watkins,breweranthony@hotmail.com
Katherine Bender,troyhines@hotmail.com
Debbie Reed,ihale@gmail.com
Shane Sullivan,jared59@hotmail.com
Kelsey Clark,lisa79@jones.org
Diane Underwood,chris33@hopkins.org
James Dorsey,sullivanmichael@james.net
Andrea Nichols,robbinsmolly@ortiz.com
Jeffrey Douglas,brandon54@mckee.com
David Chambers,hannahpeterson@gmail.com
Tina Walker,lopezmichael@yahoo.com
Ronald Banks,timothy35@anderson.org
Ivan Hoover,johnsonalison@hotmail.com
William Holt,floydtyrone@gmail.com
Kimberly Shaw,rodney32@wells.info
Andrea Beck,danielle49@mitchell.com
Thomas May,vedwards@kelly-hardy.info
James Todd,myerscarla@banks-conway.info
Barbara Clements,johnsonjonathan@garcia-hunt.com
Frank Reyes,stacey17@lamb.com
Samantha Davis,johnsonkenneth@gibbs.com
Haley Green,josediaz@hotmail.com
Christopher Valencia,waltercisneros@hotmail.com
Richard Wagner,craig15@hotmail.com
Gabrielle Silva,sharonolson@tanner.org
Kevin Foster,mossamy@conley.net
James York,cbrown@white-foster.com
Edward Adams,jessica73@yahoo.com
Nathan Soto,grahammaureen@lyons-burns.info
Julia Russo,freed@gmail.com
Daniel Nash,torresnathan@hotmail.com
Bonnie Smith,kathymyers@hotmail.com
Jessica Castro,fhorn@gmail.com
Taylor Webster,christopherfigueroa@johnston.com
Sandra Jones,kaitlyn44@anderson.com
Jerry Torres,michael28@lin.com
Anne Barr,rhogan@perez.com
Theresa Williams,deniseshaw@monroe.info
Chase Allen,priceyolanda@hotmail.com
Ariana Alexander,stevenholland@shaw.biz
James Reed,cabreraamanda@barker.com
Megan Day,gregory34@hotmail.com
Robert Hernandez,eric50@yahoo.com
William Gilbert,peter73@gmail.com
Christina Guzman,jeremyanderson@hotmail.com
Joseph Perry,robert35@hammond-short.com
Austin Owens,ellislauren@yahoo.com
Mary Dennis,xramirez@gmail.com
Pamela Martin,rogerslisa@gmail.com
Sergio Fox,curtis85@montoya.com
Eric Gardner,hammondpaul@leach.com
Dale Mclaughlin,stevensterri@gmail.com
Thomas Gonzalez,ule@yahoo.com
Adrian Hancock,cookkenneth@ramos-ball.com
Ariel Castro,carterhaley@cline-myers.biz
Trevor Bailey,ymichael@gmail.com
Tiffany Williams,uwallace@hotmail.com
Jerry Duncan,sergio85@roberts.org
Michelle Lopez,brownangela@garcia-freeman.com
Daniel Hartman,jefferynelson@yahoo.com
Mark Mullins,thomaswilliams@mann.org
Monique Diaz,richard50@barrett-garcia.com
Louis Lucas,sarahthompson@hotmail.com
Maurice Phillips,gmason@hotmail.com
James Strickland,megan35@singh-summers.com
Todd Eaton,rachel83@gmail.com
Rebecca Hansen,jessicasimmons@lewis-bailey.com
James Burke,cameron52@hotmail.com
Samuel Jones,victor56@wilson.com
John Lee,eyoung@young.com
Julie Simon,kathleenblair@gmail.com
Jason Mccarty,davidallen@hotmail.com
Julie Anderson,travisalvarez@yahoo.com
Brandon Andrews,allisonmichael@harrison-wilson.com
Amanda Vasquez,karensmith@yahoo.com
Erin Smith,alejandrojohns@gmail.com
James Atkinson,qsellers@yahoo.com
Luis Lee,ypetersen@wallace-foster.com
Melanie Miller,jenningsmonica@yahoo.com
Karen Francis,heather12@wilson.com
Christopher Adams,gary38@gmail.com
Hunter Hunter,anabryant@hotmail.com
Jonathan Johnson,donnamassey@dennis.com
John Marshall,stephanieholloway@yahoo.com
Mandy Gillespie,keithfoster@hotmail.com
James Lang,adamsstephanie@lynn.biz
Ronald Perez,corey36@gmail.com
Stephen Patel,regina78@smith-king.com
Amy Johnson,greenejames@morales.com
Billy Combs,zunigashane@yahoo.com
Kim Roberts,stephen83@davila.com
Adam Flores,mirandagomez@hotmail.com
Paul Stevens,lisa01@yahoo.com
Sarah Jimenez,stephanie98@blackwell.info
Christine Simmons,fwatkins@hayes-johnson.com
Dustin Daniel,alicehenson@gmail.com
James Rogers,hsanders@garcia-maldonado.com
Kimberly Howard,dominguezkaren@reeves.com
Olivia Wong,mthompson@hotmail.com
Jamie Morgan,olivia77@erickson.com
Robert Carter,robertdavis@hall-hughes.net
Kurt Smith,jjones@anderson-burns.com
Melissa Thompson,graylindsay@yahoo.com
Aaron Moore,seananderson@williams.com
Connie Chang,murraycarolyn@yahoo.com
Raven Martin,matthewshepard@gmail.com
Karen Wade,qalvarado@gmail.com
Jose Wong,shermanevelyn@carr-robles.com
Tamara Tate,bennettangela@coffey.info
Mark Jacobs,adamsandrea@smith.biz
Barbara Davis,griffithdaniel@hotmail.com
Lauren Gay,karenhogan@bell.com
Meghan Huynh,dmejia@cruz.biz
Lawrence Maldonado,ronald30@hotmail.com
Christopher Hill,ujones@hotmail.com
Jessica Fisher,lovejulie@foster-ortiz.com
Thomas Miller,sarasimon@brown-jensen.net
Daniel Swanson,barbaraadams@gmail.com
Brooke Robbins,williskimberly@williams.com
Sylvia Powell,howardjamie@yahoo.com
Jose Williams,snyderchristina@gmail.com
Jennifer Serrano,tylerperry@yahoo.com
Matthew Allen,dominique32@evans-bush.com
Kristy Lee,fernandeznorman@hotmail.com
Lindsey Green,fcarter@yahoo.com
Kristin Leach,denisemay@brown.com
Stephanie Cruz,thomasjoseph@davis.biz
Randall Williams,sarah73@gmail.com
Kristin Todd,sarahwatson@fowler.com
Deborah Mason,clarkkimberly@gmail.com
Annette Willis,kristin59@hotmail.com
Anthony Williams,edwardfaulkner@gomez-moore.com
Martha Becker,drojas@yahoo.com
Brent Vaughn,alexandra71@gmail.com
Matthew Ortiz,deborah38@rose.net
John Shannon,gardnerrachel@stephens.com
Edward Powell,danamoore@rodriguez.org
Carl Walls,staylor@yahoo.com
Amy Dickerson,danielramos@stark-baker.com
Leslie Carter,charleskelley@gmail.com
Shelby Jones,qjoyce@gmail.com
Christopher Paul,sarahwalker@cooper-brown.info
Heather Bishop,melvinsmith@hotmail.com
Matthew Dixon,mjensen@smith.com
Michael James,jasontownsend@alexander.biz
Bryan Padilla,bhester@yahoo.com
Brandi Jordan,randall04@yahoo.com
Christine Stanton,williamsstephanie@mendez-castaneda.info
Frank Garcia,michael43@sweeney-horton.com
Brenda Clark,wardgregory@cisneros.biz
Joe Whitehead,gabrielle33@myers.com
Leah Walker,nguyenmichael@hotmail.com
Shannon Willis,mariafarley@garcia-whitaker.com
Karen Allen,whubbard@hotmail.com
Nathaniel Holder,moorematthew@yahoo.com
Andrew Maldonado,ryan34@gmail.com
Arthur Bowman,cookkelly@gmail.com
David Heath,jenniferhodges@gmail.com
Mitchell Reyes,ryanbush@campbell.info
Mary Mercado,luiswilliams@hotmail.com
Randall Butler,colleen24@yahoo.com
Joseph Flores,qjohnson@hotmail.com
Christopher Schwartz,corey68@harris.com
Kristin Stone,mnavarro@rose-cline.info
James Malone,nunezricky@yahoo.com
Adam Boone,candice24@howard.info
Peter Montoya,josephlopez@bradley-cruz.info
Natalie Moore,utaylor@park.com
Laura Davis,jamespadilla@gmail.com
Jessica Nunez,woodsamuel@rogers.com
Sarah Mckinney,joseph47@ashley.biz
Jennifer Harrison,yolandataylor@hotmail.com
Amy Bowman,blankenshipjeffrey@knight-carter.com
Julie Huff,cpayne@yahoo.com
Karen Porter,shortmaria@yahoo.com
Maria Martin,ochapman@hotmail.com
Robert Morgan,barberdaniel@gmail.com
Brent White,handerson@yahoo.com
Amanda Mclaughlin,chelsea76@boyd.com
Amanda Norton,erika87@gmail.com
Brent Rivera,glassnina@patton.net
Jeffrey Dominguez,qdillon@gmail.com
Timothy Schultz,sanderscharles@brown.com
Laura Cruz,harveyjulie@donaldson-bond.com
Maria Sheppard,fsexton@dillon.com
Joan Taylor,hbaker@hotmail.com
Sherry Roberson,eharris@hotmail.com
Suzanne Ramirez,matthew62@yahoo.com
Roberto Knight,xfisher@jones.org
Mary Price,pbell@yahoo.com
Lisa Henson,hroy@robinson.com
Allen Lutz,wilcoxadam@singh.org
Sandra Fernandez,ejones@bailey-gould.biz
Lauren Vargas,gnelson@knox-williams.com
Jennifer Hardy,stephaniescott@huerta-bennett.com
Christopher Mcdaniel,davidberg@baker.com
Ariel Hardy,josephpruitt@yahoo.com
Ashley Hall,aflores@gmail.com
Kristen Burch,joneslaura@francis.com
Alex Hoffman,tracey27@torres.net
Xavier Willis,lambertrobert@rivera.com
Jenna Hall,michaelanderson@anderson.com
Joanna Wright,jasongomez@hotmail.com
Austin Pennington,robert52@yahoo.com
Travis Vasquez,iknapp@blackwell-barnes.com
Amy Lowery,glee@gmail.com
Mike Rodriguez,washingtondawn@gmail.com
Timothy Oliver,lesliegraham@rhodes.org
Jennifer George,phillipssusan@hotmail.com
Heather Daniels,villajane@yahoo.com
Daniel Cunningham,rodriguezjoseph@hotmail.com
Ryan Munoz,elizabeth94@gmail.com
James Tran,stevenjones@allen-diaz.com
Lori Miller,christinelozano@garza.com
Daniel Davis,moralesmichael@watson-baker.info
Juan Odonnell,zreed@collins-martinez.com
Jon Webb,mcfarlandkimberly@yahoo.com
Amy Burns,jpeterson@hunter.com
Jennifer Flores,ydavis@morris.com
Joseph Sullivan,jasonpayne@harper.net
Thomas Klein,amandagrant@hotmail.com
Erin Smith,matthewporter@hotmail.com
Ashley Hanson,morgan29@ruiz.net
Jeremy Stewart,hraymond@young-morris.com
Patricia Anderson,tcampbell@williams.com
Steven Reeves,walkerchristine@hotmail.com
Casey Woods,lolson@woods-pacheco.com
Jessica Powell,jenniferstewart@foster.com
Michael Johnson,katelyn26@nunez-duran.com
Thomas Bean,justinjordan@hotmail.com
Matthew Horton,ykelley@gmail.com
Susan Mcconnell,jacksonbreanna@hotmail.com
Christopher Thompson,thompsonadrienne@clark.info
Joshua Riddle,kphillips@brady-thomas.biz
Heather Walker,rhondahansen@sullivan.info
Patrick Williams,sreyes@rodriguez.com
Christian Carpenter,daviskristy@gmail.com
Todd Vincent,rebeccapadilla@howell.net
Harry Cline,khopkins@mccarthy.com
John Dixon,griffincourtney@ferguson-garcia.org
Rachel Howell,joshuaharris@yahoo.com
Jennifer Larson,lpearson@yahoo.com
Jesse Smith,phampton@smith-morrison.info
Patricia Martin,justinturner@dennis.com
Matthew Williams,paul51@conner.com
Brian Bowman,graveswilliam@hotmail.com
Debbie Williams,bakerlawrence@davis-morrison.net
Michael Adams,smelendez@maddox.info
Angela Wilson,hughesamber@gmail.com
Michelle Mccarthy,murraykatherine@hotmail.com
Savannah Miller,ifletcher@stewart.net
Brian Delgado,tbrown@allen-hale.com
Patricia Black,thomas07@hotmail.com
Linda Gonzalez,evansheather@yahoo.com
Ryan Coffey,bakerdeborah@hotmail.com
Sandra Johnson,floresjesse@hernandez.info
Alexander Parrish,garyhenderson@hotmail.com
Lisa Nelson,andersonsara@hotmail.com
Victoria Wright,campbellmichael@alvarez.com
Oscar Warren,browndavid@gmail.com
Julia Gallegos,cdaniels@hotmail.com
Michael Gallagher,zherring@bailey.com
Brenda Rodriguez,jessica27@hotmail.com
Kevin Nelson,ronaldkramer@davis.com
Joseph Anthony,deborahjohnson@hotmail.com
Victoria Cole,carla25@downs.net
Danielle Zimmerman,ginawells@peck.com
Barbara Johnson,ibrown@bennett.com
Shawn Lucero,michael71@frazier.info
Amy Wise,daybrent@lang.com
Catherine White,brian63@hotmail.com
Michael Allen,pennysmith@garcia.org
Thomas Contreras,martinezrussell@baker.biz
Jon Scott,zbender@ball.com
Alexandra Campbell,yperez@price-price.info
Tyler Austin,pbrown@miller-norman.com
Kayla Lyons,xwebb@roman.com
Debbie Valdez,boydgregory@gregory.info
Aaron Berg,ounderwood@kelly.com
Alyssa Hess,brittanywallace@bradford.info
William Jenkins,stokesmatthew@yahoo.com
John Kane,fordmaria@yahoo.com
David Black,jason14@daugherty-thomas.com
Joseph Long,wwhitehead@yahoo.com
Timothy Harris,roberthanson@watson.info
Kristen Jimenez,jmorgan@gmail.com
Wayne Odom,ericwells@holmes.org
Christopher Thompson,angelastark@hotmail.com
Kara Hall,katie89@yahoo.com
Marie Parrish,grahamjennifer@yahoo.com
Jimmy Scott,melaniejohnson@montes-stephens.net
Robert Payne,paul91@hines.com
Angela Weber,martinezwilliam@gmail.com
Beth Estrada,hillrichard@suarez-watkins.com
Carrie Wilson,john98@yahoo.com
Gregory Jackson,ningram@gmail.com
Clinton Patrick,jacksonmichael@castillo.com
Gregory Rodriguez,peterbuchanan@gmail.com
Misty Davis,davidaguirre@yahoo.com
Melissa Mcfarland,lyoung@bennett.com
Travis Scott,heather99@norris.com
Danny Nguyen,heidi05@adkins.com
Brittney Ruiz,martinezcarl@hotmail.com
Patricia Thompson,qmahoney@hotmail.com
Lori Marquez,wernerjohn@hotmail.com
Maria Guerrero,spearsjesse@gmail.com
Tina Watkins,stevenlyons@yahoo.com
Krista Payne,greenandrew@riggs.com
April Yates,melissa93@gonzalez.com
Maurice Nunez,sergiojohnston@fox.com
Annette Martinez,tylerbryant@hotmail.com
Kristen King,vporter@gmail.com
Marisa Randall,smithcody@yahoo.com
Jessica Torres,melissa99@munoz.com
Howard Walker,lovetanya@yahoo.com
John Cole,heidi59@hotmail.com
Dylan Wilson,ckaiser@hotmail.com
Jacqueline Williams,fbuchanan@hansen.info
Scott Mcdonald,john40@gmail.com
Stephen Hardy,kgomez@black-lewis.com
Christina Allen,cameron88@stanley-wu.biz
Andrew Sherman,christinealvarado@bryant.com
Patricia Wilson,fhill@yahoo.com
Jennifer Jones,russellantonio@yahoo.com
Diane Jones,treed@yahoo.com
Timothy Russo,josephmartinez@yahoo.com
Roberto Jones,martinandrew@salas.com
David Lopez,phillip19@webb.info
Ashley Silva,colemanjennifer@yahoo.com
Michelle Soto,pespinoza@yahoo.com
Maria Williams,bowerssara@peck.biz
Alan Torres,david16@kennedy.net
Tammy Page,ashleygarcia@yahoo.com
Jeffrey Weiss,johnphillips@hotmail.com
Michelle Meyers,martinpaul@rodriguez.info
Amy Lopez,melissa72@yahoo.com
Rachel Kelly,gonzalesashley@hotmail.com
Jacob Bradford,ashleybenson@spears.net
Richard Carter,banderson@maddox.net
Zachary Donovan,landrydesiree@gmail.com
Kristi Brown,ambertaylor@yahoo.com
Elizabeth Harris,john50@baldwin-martinez.net
Peter Pena,duncanconnie@hotmail.com
Robin Rowland,qeverett@gmail.com
Pamela Jackson,donald68@elliott.com
Nicholas Morales,michaelmiller@nelson.info
Charles Scott,joann46@rangel.net
Haley Obrien,jmcneil@odonnell.net
Jeremiah Nelson,vincentdavidson@morris-schultz.com
Maria Douglas,pateljohn@yahoo.com
Christopher Hanson,sarah56@alexander-george.com
James Blake,zachary04@nichols.com
Ashley Burgess,martineztyler@pierce.biz
Natasha Torres,david77@yahoo.com
Victoria Beck,joanedwards@saunders-ward.net
Michael Davis,ldickerson@velez.com
Valerie Harrell,murrayandrew@yahoo.com
Suzanne Smith,tammy57@yahoo.com
Rachel Watson,polson@anderson.com
Sheryl Huber,leah86@hotmail.com
Patrick Hawkins,pwashington@ortiz.com
Mark Martin,petersenwilliam@hotmail.com
Brittany Guzman,kbowman@hotmail.com
Joseph Carrillo,josephchang@peterson-leblanc.com
Christina Perez,petersonstephanie@ayers.com
Daniel Jones,banksrobert@hotmail.com
Edward Huerta,brownariana@thomas-west.com
Bobby Nguyen,ytaylor@robinson-cook.com
Christopher Choi,williamsnicholas@rivera.com
Robyn Huang,rbrown@yahoo.com
Andrew Young,hartmankathy@yahoo.com
Nicole Lopez,jeffreydunn@moody.com
Sharon Perry,charlesmays@gmail.com
Julie Williams,sonya26@yahoo.com
Melissa Hall,williamwest@rodriguez.org
Tony Hunt,shaunmartin@taylor-duncan.info
Curtis Martin,reedjerry@hotmail.com
Alexandra Reed,markrice@martinez-hill.biz
Elizabeth Bishop,hebertjamie@hotmail.com
Lisa Patterson,susan32@campos-costa.com
Hector Chaney,qwalker@morales.org
Daniel Carroll,castrotina@perkins-roberts.org
Linda Barrett,vmcintosh@hotmail.com
Angela White,megan06@hotmail.com
Melanie Herrera,sarah19@barker.info
Laura Mccormick,hunterjennifer@yahoo.com
Samantha Davis,ryan05@diaz.biz
John Smith,alexandrialee@everett-romero.com
Shelly Hill,crawfordtara@wilkinson.com
James Jones,kathryn19@ray-cooper.com
Lisa Yoder,dorothy65@gmail.com
Sarah Hamilton,sandra41@gmail.com
Michael Martinez,ashleyward@miller-gomez.com
Robert Day,lowens@cole.com
Frank Daniels,wweber@miller.info
Julie Perez,barbara99@gmail.com
Tyler Wells,stephaniepalmer@lewis.com
David Smith,anichols@hotmail.com
Keith Webb,elopez@moreno-johnson.com
Alexis Aguilar,mitchell13@gmail.com
Garrett Young,jjohnson@hotmail.com
Shaun Jennings,zmoreno@jackson.info
Robert Gonzales,caitlinlong@tate.info
Elizabeth Dixon,tuckerkelly@sawyer.com
Benjamin Evans,daniel41@gmail.com
Brittany Rodriguez,villegasrobert@harris-pratt.biz
Alicia Allen,vgarza@gmail.com
Angela Lewis,kirsten04@hotmail.com
Eugene Wright,michaeljames@conrad-moreno.com
William Thompson,bauervincent@mclaughlin.com
Scott Walter,ramirezcolleen@mccarty.org
Tina Brown,tracy22@melton-williams.com
Michael Bowen,rgolden@hotmail.com
Kyle Martinez,zbanks@lewis-williams.com
Steve Hines,bryan63@carpenter.com
Donna Burns,zacharybutler@buck.com
Eric Mccullough,jwolfe@carr.biz
David Alvarez,elane@gmail.com
Sydney Brown,kevincarter@richards-miller.com
Sean Ellis,ebrooks@howard-ochoa.com
Jonathon Craig,fostergary@hotmail.com
John Buchanan,shortrobert@yahoo.com
Bill Gordon,lawrencejacqueline@bowman.net
David King,rcontreras@livingston.com
Lisa Smith,hannahhanson@munoz.org
Michelle Graham,christopher72@yahoo.com
Marc Dalton,ibailey@yahoo.com
David Boone,danieldaniel@sanchez.net
Kelly Butler,qle@gmail.com
Stephen Martin,megancardenas@yahoo.com
Austin Farmer,lmiller@hartman-joseph.com
William Martin,brendaholloway@hawkins-williams.biz
Brandon Walter,heidiwilliams@mercado-sutton.org
Zachary Smith,william25@chambers.org
Patrick Brooks,sarahfuentes@yahoo.com
Elizabeth Thompson,mathisjeffrey@conley.com
Casey Ingram,collinscarrie@lawrence.biz
Grant Barrett,scottstein@taylor.org
Brittney Martin,tuckerbrittany@gmail.com
Keith Butler,franklinmoore@gmail.com
Amber Rasmussen,annaphillips@yahoo.com
David Willis,achristian@hotmail.com
Beverly Lopez,mirandamaxwell@gmail.com
Crystal Rivera,ryanmartinez@sanchez.com
Wendy Nelson,buckleygregory@hotmail.com
Joshua Frazier,rthompson@kelley.com
Marvin Spears,fwilson@yates-dunn.com
Julie Flores,julianicholson@hotmail.com
Michael Lewis,ywheeler@gmail.com
Claire Hudson,rvargas@gmail.com
Gabriel Schneider,gainescarolyn@holder.com
Juan Brown,qmoran@gmail.com
Kurt Miller,wilsonmary@powers-oneill.com
Karen Gordon,butlermary@yahoo.com
Devon Oneal,connerjuan@yahoo.com
Jamie Simon,brad82@yahoo.com
Rose Lopez,lesliesimmons@robinson.com
Douglas Olson,timothybarajas@rowland.org
Kurt Watkins,owarren@marquez.com
Nicole Chen,douglaschan@anderson.org
Heather Norton,brandon37@young-clark.com
Joseph Wilcox,ahowell@bridges-shaffer.com
Michael Nicholson,steven92@gmail.com
Darrell Gilbert,ryanlloyd@white.com
Erin Mendez,jennynichols@daugherty.com
Randall Johnson,pholland@hotmail.com
Brenda Gonzales,amartinez@montoya.org
Brenda Lawson,michaelgomez@gmail.com
David Hodge,johnfarmer@hotmail.com
David Murphy,marienewman@leach-wright.com
Mary Ward,yburns@gmail.com
Gary Hill,lli@smith-gray.net
Jamie Mora,djohnson@hotmail.com
Elizabeth Chavez,rubiokathy@huffman.com
Darryl Moore,michaelperkins@hotmail.com
Philip Johnston,douglas33@scott-williams.com
James Thomas,allisonmckay@gmail.com
Melissa King,brooksdenise@thompson.biz
Emily Ramos,salaslorraine@bailey.com
Christopher Warren,rsmith@saunders.com
Michelle Brown,wjones@mcintyre.info
Andres Serrano,mitchellfisher@gmail.com
Kathryn Gentry,nathan70@yahoo.com
Amy Leblanc,stacey02@hotmail.com
Renee Byrd,mariawalls@hotmail.com
Ryan Sullivan,qlawrence@richard.biz
Sara Perry,idaniels@gallegos-martinez.info
John Braun,vanessa99@smith.com
Jacqueline Vazquez,kcarlson@woodward.com
Angela Jones,egentry@hotmail.com
Andrea Good,ledwards@yahoo.com
Ann Bradford,hlewis@flores.com
Stephanie Ford,sullivankathy@yahoo.com
April Anderson,wilsonmatthew@hotmail.com
Tyler Ray,vpeterson@young.org
Amanda English,karenbond@gmail.com
Julie Gonzalez,joseph63@jones.com
Zachary Lindsey,patrick95@cox-rodriguez.com
Sarah James,vbuchanan@hotmail.com
Trevor Leach,edwin38@hotmail.com
Debra Foster,slyons@martin-davis.net
James Myers,kennethmiles@austin.org
Bobby Williams,brennankimberly@johnston-waters.com
Tim Lin,scottrobinson@ortiz-nielsen.com
Michael Downs,ryanchristian@gmail.com
David Parks,edgarwilson@carter.info
Juan Jones,david51@parker.biz
James Sanders,laurie55@yahoo.com
Charles Valdez,amorris@yahoo.com
Angela Aguilar,orivera@davidson-snyder.net
Kyle Cook,pshelton@marshall.info
Catherine Wilson,austinnichols@yahoo.com
Alan Allen,william69@moore.com
Jose Navarro,krista92@yahoo.com
Michael Michael,tprice@yahoo.com
Kimberly Bass,wjames@gmail.com
Jon Yates,ireeves@gmail.com
Jeremiah Greene,joseph63@gmail.com
Monica Rodriguez,perry68@yahoo.com
Anna Conner,janegordon@lynch-williams.com
Olivia Davis,franceswilliams@blake.com
Jessica Knight,timothy30@miller.org
Daniel Roberts,brianathomas@thomas.org
John Turner,christine03@yahoo.com
Julie Lewis,gallowaycynthia@hancock-chapman.com
Justin Moreno,willisryan@gmail.com
Jason Smith,perezmark@matthews.com
Jonathan Wang,brianna71@lawson.com
Renee Perkins,brownkathleen@hotmail.com
Daniel Morales,oconnellnicole@acosta.org
Sandra Diaz,ngriffin@yahoo.com
Lauren Ferguson,stephensadam@crawford.com
Albert Morales,jeremy30@williams-clark.info
Scott Mcneil,veronica93@avila.com
Tara Pena,kerry63@marshall.biz
Steven Nolan,mhamilton@yahoo.com
Julian Moore,stevenskimberly@hotmail.com
Michael Mcgrath,scott20@gmail.com
Brandon Rivera,mcconnellmatthew@gmail.com
Christine Greene,xpeterson@perkins-schmidt.com
Tracie Robertson,keith03@hotmail.com
Stephanie Stevens,lauren22@francis.org
Jose Guzman,staceylin@wise-johnston.com
Chad Sanchez,carpenterlinda@hotmail.com
Matthew Galvan,georgenielsen@yahoo.com
Jeffery Williams,etorres@kemp-miller.biz
John Crane,martinezellen@yahoo.com
Nancy Howard,rwilliams@taylor.com
Timothy Pearson,ericbarton@rivas.com
Tracy Davenport,tjohnson@gmail.com
Timothy Contreras,eingram@yahoo.com
Rachel Drake,fli@hotmail.com
Ashley Maynard,joshua15@gmail.com
Albert Blake,sallen@yahoo.com
Desiree Bond,williamsmelanie@yahoo.com
Juan Clark,taylorlyons@hotmail.com
Andre Briggs,kmunoz@yahoo.com
Denise Curtis,hopkinsrobert@spencer.info
Jon Collins,dennis86@king.com
Jimmy Gray,kendra44@yahoo.com
Kelsey Mccormick,cruztrevor@hotmail.com
Charles Johnson,chadberry@gmail.com
Erin Thompson,whitealexander@dudley.com
Leah Odom,nathan04@carlson.com
Karla Carlson,vbrown@young.com
Victoria Garza,aschwartz@gmail.com
Andrea Cortez,rachelwelch@romero-mason.com
Amy Stewart,christopherflynn@peters.com
Eric Sanchez,charles40@wagner.com
Tina Tanner,ramosmatthew@hotmail.com
Dawn Mendez,jimmysmith@yahoo.com
Todd Williams,maysjames@blair.info
Robert Fitzgerald,christopherfinley@gray.biz
Timothy Reed,lozanostacey@spears-christensen.com
George Thompson,sgarcia@jacobson.info
Alexa Rios,clarkrichard@gmail.com
Jennifer Gibbs,scotttran@anderson.com
Mary Gregory,riveratammy@yahoo.com
Sandra Parker,gina39@clark.com
Joseph Parsons,david37@hotmail.com
Alexis Ramos,jameswalker@smith-hernandez.com
Steven Ramos,jonathonbrown@williams.net
Joseph Rodriguez,jennifergonzalez@hotmail.com
Crystal Ochoa,lindamitchell@hotmail.com
Megan Pollard,alejandro52@yahoo.com
Felicia Chen,igreer@gmail.com
Cory Wright,tara45@hotmail.com
Paul Hendrix,ronaldwalker@williams.org
Robert Cabrera,kcooper@gmail.com
Aaron Jackson,craig36@miller.info
Victoria Decker,john03@hotmail.com
David Riley,richardnavarro@bowman.com
Cory Mcdonald,kanejames@gmail.com
Karen Taylor,alexandradaniels@gmail.com
Scott Carlson,benjaminschmidt@gmail.com
Reginald Olson,wendymason@yahoo.com
William Davis,alexanderhorne@gmail.com
Patricia Evans,lammichael@thomas.com
Steven Taylor,stonedwayne@spencer.com
Dawn Flores,michael35@frazier.net
Andrew Harmon,vsimmons@smith.org
Laura King,yorkrobert@hotmail.com
Francisco Houston,lloydbonnie@buchanan.net
James Moore,psmith@anderson-taylor.com
Lance George,bhines@jordan.com
Richard Patterson,rcarter@yahoo.com
Brittany Stewart,tiffany60@hotmail.com
Daniel Ferguson,grantanthony@yahoo.com
Katie Campbell,tammyhunt@yahoo.com
Christopher Gonzalez,aaroncuevas@hotmail.com
Russell Hart,matthew32@lang-chavez.com
Justin Williams,ndavies@owen-romero.com
Amanda Johnson,keithjonathan@russell.com
Spencer Leonard,alex04@gmail.com
Dana Bell,racheljohnson@yahoo.com
Dylan Hampton,calvin34@hotmail.com
James Gallagher,hannah56@johnson.com
Kimberly Curtis,sbriggs@hotmail.com
Gary Williams,mfrazier@yahoo.com
Christopher Lopez,eparsons@meyer-salinas.com
Jamie Ellison,ann49@white-gutierrez.com
Wyatt Huffman,mullinsgary@rivera.biz
Kathy Martinez,rodriguezjodi@palmer.com
Kevin Nichols,melissa85@phillips-hendrix.net
Michele Banks,daniel17@henry.info
Robert Morris,emmataylor@wilson.com
Stephanie Singh,sarahwolf@hotmail.com
Kelsey Miller,taylorgrace@barnes.org
Vanessa Wilson,marvin23@yahoo.com
Sarah Williamson,crystal13@brown-mills.com
John Anderson,nicholas23@hotmail.com
Timothy Hubbard,khancock@clark.com
Toni Mason,jsnow@hotmail.com
Ashley Gates,veronicamorales@ramos.net
Jacqueline Mcgee,matthewhuffman@guzman-jones.com
Rachael Williams,patriciawalsh@yahoo.com
Janice Schroeder,derrick71@miller.com
James Miller,peterprice@rivera-roberts.com
April Brown,millerbrenda@white.com
Julie Austin,kathleen35@chambers-roberts.biz
Emily Jones,curtis78@hotmail.com
Melinda Jackson,lucerowalter@wilson.com
Scott Herrera,sheila19@hotmail.com
Micheal Price,bgonzales@mccarthy.com
Jennifer Wright,meadowschristina@sanchez.biz
Tina Woods,wrightkevin@yahoo.com
Debra Thomas,zford@edwards.com
Diane Duarte,athomas@gmail.com
Christina Brown,pamela09@hill.com
Jennifer Rodriguez,michaelwilliams@gmail.com
Randy Chen,burkeanthony@todd.com
John Fields,mary71@simpson.org
Victoria Garcia,deckersarah@brown-sherman.org
Rhonda Kelly,kimjanet@hotmail.com
Eric Nelson,jacqueline45@martin-maldonado.com
Christine Lee,johnsonmichelle@myers.com
Nicholas Walker,ricealan@moody.com
Michael Gillespie,nelsonwayne@gmail.com
Michelle Wu,imorgan@yahoo.com
Kristopher Anderson,hillmargaret@shelton.org
Natalie Bray,nguyenbrenda@davis.com
John Moreno,rebecca59@lynch.info
Randy Simmons,mmendez@moore.org
Melissa Liu,hartamanda@yahoo.com
Kevin Turner,kevintran@johnson.com
Miguel Jackson,kenneth29@yahoo.com
Jacob Beck,spencer01@adams-patel.com
Stephen Manning,burnettpaul@gmail.com
Bonnie Davis,kristinbrown@payne.com
Michael Hood,lauren46@smith.com
Autumn Peck,colson@wyatt.net
Sierra Wright,lesterjulia@hotmail.com
Jeffrey Hawkins,gail38@hotmail.com
Julie Hooper,karla97@pope.com
John Kirby,hilljonathan@hotmail.com
Ronnie Smith,hernandezmichelle@hotmail.com
Andre Wheeler,olivia17@yahoo.com
Steven Sherman,zachary60@yahoo.com
Julie Perkins,xroman@yahoo.com
Christopher Higgins,desiree97@porter-stevens.com
Kevin Diaz,brianjohnson@yahoo.com
James Kaufman,jspencer@watson.org
Brenda Spence,robinsonmelissa@yahoo.com
Danielle Crawford,smason@hotmail.com
Joshua Watson,hunterdanielle@yahoo.com
Sara Coleman,bonillakari@yahoo.com
Amber Diaz,alexacoleman@vazquez.com
William Riley,thomasryan@yahoo.com
Jeffrey Brooks,vdunn@garcia.info
William Smith,oburke@yahoo.com
Linda Ramirez,ericabbott@gmail.com
Mark Fletcher,elizabethmonroe@hartman-hanson.com
Michael Jones,rbaker@rivera.com
Casey Wolfe,kleinstephanie@nelson.com
Grant Smith,bushjoyce@todd-martin.com
Loretta Lee,valenzuelaholly@taylor.com
Mary Day,qstuart@hotmail.com
Melissa Welch,calderoncolin@yahoo.com
Derek Rogers,millerjason@hotmail.com
Mason Johnson,omorton@pugh.net
Troy Kelly,gloriaprice@clark.com
Steven Cooke,silvachris@ochoa.com
James Willis,daughertyalan@gmail.com
Sonya Brennan,lopezrebecca@gmail.com
Howard Carrillo,petersenzachary@pope.com
Jessica Nelson,rogermontes@hotmail.com
Stephen Johnson,daniel71@cox.info
Elizabeth Lyons,earmstrong@hill-herrera.com
Michelle Miller,raymond73@yahoo.com
David Price,ncarter@gmail.com
Andrew Werner,brownjerry@gmail.com
James Kennedy,wigginskevin@wilson-gibson.com
Alicia Miller,thubbard@smith.com
Sandra Kelley,jacksonrichard@yahoo.com
Jonathan White,robertmadden@smith.com
Ronald Rojas,vegabrendan@moran-berg.com
Joshua Perez,harrisondavid@abbott.com
Jared Smith,mark89@kline.org
Phillip James,adoyle@hotmail.com
Sonya Roberts,michael34@hotmail.com
Charles Elliott,ivillanueva@hotmail.com
Megan Moore,leon03@gmail.com
Brian Peterson,rogermcdaniel@walker.net
Ashley Chapman,xdaugherty@hotmail.com
Timothy Gray,petersdeborah@lowe.com
Katie Smith,donald54@coleman-ballard.com
Maria Johnson,jhughes@gmail.com
Douglas Myers,samanthapena@yahoo.com
Brandon Martin,kathryn84@wood.com
Rhonda Berry,castanedacynthia@richardson.info
Nancy Reed,denise05@hotmail.com
Julia Burnett,qanderson@aguirre.com
Angela Murphy,jcook@hotmail.com
David Flores,jennashah@dougherty.com
Michael Warner,jeremy64@ingram.biz
Kelly Davis,fspencer@simpson.com
Katrina Ramos,michelle08@hotmail.com
Christopher Roth,alexanderhayden@gmail.com
Jack Hughes,jeremy03@mooney-gonzalez.com
Michelle Santos,sarah37@cummings.org
Mary Rodriguez,johnrich@harding-rogers.com
Jasmine Guzman,ocarr@hotmail.com
Chase Marshall,willie01@brock-craig.com
Melissa Perry,kmcdonald@yahoo.com
Ryan Norton,lambertdorothy@gmail.com
William Henderson,kristentyler@nelson.com
Micheal Gates,imills@hotmail.com
Bonnie Rivera,brendamartinez@gmail.com
Michelle Gutierrez,molinaangela@marshall.net
Michael Freeman,daniel86@gmail.com
Candice Taylor,mendozaanna@smith.net
Shannon Allen,andreasloan@gmail.com
Alexander Cross,iadams@mills.com
Janet Gray,michaelserrano@hotmail.com
Karen Shea,cingram@gmail.com
Jon Thompson,jasonfisher@yahoo.com
Ana Jefferson,maria06@sheppard.net
Christopher Morton,qfloyd@yahoo.com
Michelle Clay,linerin@yahoo.com
Jose Stewart,stephenvincent@whitney.biz
Todd Mckay,richardsamy@yahoo.com
Dennis Lopez,lindarogers@gmail.com
Thomas Watkins,jamesmorrison@simmons-gonzalez.com
Gary Stevens,nparker@thompson.net
Tyler Rivera,davisthomas@yahoo.com
Charles Vega,fordkathleen@davis-vaughn.biz
Alan Howard,sampsonchristine@yahoo.com
Angela Kennedy,xvega@zhang.com
Yolanda Roman,ehernandez@yahoo.com
Cynthia Harris,jamesanthony@yahoo.com
Lee Bowman,lfrazier@chan.com
Gregory Jones,pwright@yahoo.com
James Herrera,ekline@bailey-williams.com
